1723766400,48818,504438587170,8912,1750,860,1315
1723680000,48806,504173838027,8910,1749,856,1315
1723593600,48849,508790383315,8896,1746,853,1314
1723507200,48907,508291068162,8914,1751,857,1313
1723420800,48887,507612129924,8914,1756,856,1313
1723334400,48870,506882914982,8903,1748,856,1317
1723248000,38794,484920556945,5109,775,168,1029
1723161600,48982,506175407370,8927,1745,870,1316
1723075200,48920,505765342768,8920,1741,867,1320
1722988800,48794,504030335014,8895,1732,858,1319
1722902400,48951,504847913962,8934,1741,867,1323
1722816000,49021,505108394482,8923,1739,869,1319
1722729600,49021,500759378315,8936,1739,870,1322
1722643200,49034,500679509182,8943,1738,877,1325
1722556800,49057,498915575029,8972,1738,873,1326
1722470400,48989,495230657792,8967,1734,871,1327
1722384000,48982,494280563377,8949,1733,867,1321
1722297600,49625,529055975542,8991,1731,878,1325
1722211200,49660,529324823776,8989,1727,883,1322
1722124800,49687,528471751722,8984,1730,871,1324
1722038400,40054,503617163738,5295,1030,277,1058
1721952000,49790,528465308131,8985,1733,869,1324
1721865600,50039,529233235779,9047,1741,873,1332
1721779200,50032,527044889678,9033,1741,880,1333
1721692800,50274,528575066262,9066,1746,874,1342
1721606400,50401,535103656443,9111,1745,872,1345
1721520000,50353,533950318779,9103,1745,871,1345
1721433600,50450,533789430510,9131,1746,879,1345
1721347200,50511,534094926673,9128,1745,876,1347
1721260800,50493,533611140475,9123,1746,878,1343
1721174400,50480,533035147041,9113,1746,869,1342
1721088000,50605,532393076997,9144,1751,881,1345
1721001600,50591,531604597563,9153,1749,875,1340
1720915200,50556,530268601201,9144,1746,874,1340
1720828800,50617,530269109797,9160,1746,875,1344
1720742400,50562,529128220848,9150,1744,876,1347
1720656000,50603,525414915098,9165,1746,871,1347
1720569600,50601,525320808616,9153,1743,863,1350
1720483200,50654,524494696873,9198,1743,873,1349
1720396800,50651,523836492222,9188,1741,874,1348
1720310400,50687,523878414252,9222,1738,864,1349
1720224000,50817,522297102351,9240,1743,872,1351
1720137600,50784,520971255826,9231,1744,876,1348
1720051200,50864,521450302338,9220,1748,874,1345
1719964800,50909,520971683632,9211,1761,868,1347
1719878400,50998,520606322717,9236,1761,876,1352
1719792000,50979,519881971261,9228,1758,869,1352
1719705600,51112,518090315061,9217,1762,869,1348
1719619200,51177,517346928451,9216,1765,874,1352
1719532800,51182,517048420305,9197,1764,877,1352
1719446400,51108,515631510609,9170,1764,872,1357
1719360000,51048,515777651622,9123,1762,873,1353
1719273600,51164,515386843152,9129,1764,880,1362
1719187200,51104,514920652593,9100,1760,879,1361
1719100800,51086,512687426098,9088,1762,873,1365
1719014400,40553,491460528062,5293,796,181,1068
1718928000,51243,513029772869,9182,1760,880,1372
1718841600,51211,512083227183,9170,1762,869,1375
1718755200,51192,511492544367,9139,1760,868,1374
1718668800,51277,510317230673,9114,1758,896,1370
1718582400,51182,507689190668,9113,1755,877,1367
1718496000,51336,507114910889,9136,1758,871,1371
1718409600,51631,508553056196,9160,1761,893,1373
1718323200,51597,509792287882,9143,1758,876,1373
1718236800,51460,508177158233,9123,1757,882,1371
1718150400,51347,507085820924,9076,1752,878,1367
1718064000,51488,507007506823,9106,1755,885,1373
1717977600,51401,505427799997,9099,1756,873,1368
1717891200,51345,504127450340,9058,1755,869,1372
1717804800,49498,497975725704,8425,1717,804,1304
1717718400,51404,503929178956,9034,1752,873,1372
1717632000,51326,503331422022,9007,1747,878,1367
1717545600,51229,502170426346,8986,1746,868,1369
1717459200,51201,500516349728,8979,1743,874,1370
1717372800,51162,499949941413,8968,1743,871,1369
1717286400,51183,495699805147,8968,1742,875,1365
1717200000,50980,494898623363,8893,1737,857,1362
1717113600,50883,493558652375,8873,1731,861,1356
1717027200,50893,491808475390,8883,1730,858,1354
1716940800,50802,492003136707,8856,1719,849,1353
1716854400,50926,492519514066,8914,1706,854,1357
1716768000,50889,500033343594,8907,1705,844,1358
1716681600,50773,497712029262,8898,1699,842,1357
1716595200,51015,497699750424,8960,1729,845,1362
1716508800,50900,496388496760,8937,1727,843,1363
1716422400,50723,494873833290,8880,1728,843,1363
1716336000,50700,492724490582,8871,1730,849,1361
1716249600,51062,491870182447,9016,1736,862,1367
1716163200,51050,491698656814,9022,1739,863,1368
1716076800,51012,492115826988,9013,1740,858,1370
1715990400,43337,474279162464,6031,1431,526,1150
1715904000,50895,491872373608,8972,1741,867,1370
1715817600,50921,491490101177,8973,1746,865,1369
1715731200,50865,493158369384,8943,1746,855,1363
1715644800,51013,490842537566,9014,1744,879,1365
1715558400,51029,492695657643,9014,1747,876,1365
1715472000,50908,490922008351,8988,1744,856,1366
1715385600,51328,490587450041,9090,1748,867,1376
1715299200,51394,490553967946,9115,1748,868,1378
1715212800,51412,490541910684,9095,1746,863,1376
1715126400,51174,489903747447,9038,1740,844,1371
1715040000,51430,488678704849,9122,1735,862,1373
1714953600,51318,487390212416,9084,1733,855,1369
1714867200,51290,486771415757,9083,1735,849,1371
1714780800,51367,485104784048,9135,1724,857,1372
1714694400,51341,484821508550,9135,1723,857,1371
1714608000,51287,482839569674,9125,1722,850,1372
1714521600,51263,482047502462,9108,1723,855,1375
1714435200,51326,480290852397,9127,1762,856,1380
1714348800,51304,480211843493,9110,1760,856,1382
1714262400,51387,476211372672,9112,1760,856,1381
1714176000,51560,476419195026,9147,1770,853,1386
1714089600,51597,476680986098,9128,1771,856,1386
1714003200,51061,471669902243,8930,1722,847,1370
1713916800,51141,470433261417,8913,1722,846,1367
1713830400,51457,472483336152,8966,1738,845,1369
1713744000,51283,470645045981,8932,1716,841,1371
1713657600,51265,469687321323,8929,1716,843,1363
1713571200,51485,470490175358,8958,1712,852,1364
1713484800,51440,469857933407,8954,1712,844,1365
1713398400,51353,468164277953,8945,1712,841,1363
1713312000,51381,467907442712,8939,1713,839,1362
1713225600,51381,466559060392,8982,1721,847,1367
1713139200,51298,463936463664,8976,1727,848,1368
1713052800,51208,462907968487,8970,1728,843,1366
1712966400,46195,448759928392,7513,1192,636,1225
1712880000,51394,462981576067,9007,1731,845,1366
1712793600,51365,462088271830,8994,1729,841,1366
1712707200,51122,461202462536,8916,1729,834,1364
1712620800,51698,462103223605,9062,1745,845,1372
1712534400,51685,461402385650,9054,1748,842,1370
1712448000,51536,461100257357,9023,1748,844,1365
1712361600,51807,460536947528,9099,1753,844,1371
1712275200,51829,459440161469,9106,1754,842,1374
1712188800,51775,465260338305,9051,1751,842,1377
1712102400,51872,465730739490,9027,1749,836,1378
1712016000,51702,464108292833,8991,1742,852,1372
1711929600,51866,464559719113,8994,1750,853,1373
1711843200,51886,464592691633,9003,1755,854,1374
1711756800,41667,440245719486,5403,775,395,1086
1711670400,52385,462444440558,9099,1767,846,1372
1711584000,52404,461333810059,9094,1768,845,1374
1711497600,52191,461173328808,9023,1757,842,1369
1711411200,52562,460682804296,9114,1773,849,1373
1711324800,52582,457159655694,9100,1777,847,1372
1711238400,52661,456723427024,9141,1775,845,1371
1711152000,49261,447722293965,7445,1558,1568,1226
1711065600,52899,461045364581,9144,1771,848,1379
1710979200,52937,461806499644,9117,1770,851,1377
1710892800,52791,462463973711,9084,1764,838,1375
1710806400,52803,461552366992,9110,1763,848,1378
1710720000,52961,469012039328,9111,1760,841,1378
1710633600,52908,465865666208,9104,1759,844,1373
1710547200,53363,465372688145,9199,1796,852,1378
1710460800,53364,463134342460,9201,1795,847,1381
1710374400,53276,459051967178,9183,1794,849,1382
1710288000,53335,459657132541,9161,1786,841,1379
1710201600,53765,460491726283,9198,1788,849,1392
1710115200,53750,458220798612,9188,1786,849,1391
1710028800,53749,457480050736,9186,1790,845,1386
1709942400,54117,457479212877,9317,1798,851,1390
1709856000,54177,457909695165,9317,1801,850,1391
1709769600,54169,456204980633,9303,1799,845,1389
1709683200,54300,460736492817,9296,1801,845,1391
1709596800,54546,462491473770,9327,1809,854,1389
1709510400,54604,462234286865,9315,1807,855,1392
1709424000,54546,461114432027,9315,1806,852,1393
1709337600,43976,437729939476,5520,837,404,1117
1709251200,54747,461325905253,9324,1812,872,1402
1709164800,54692,458320894516,9315,1814,867,1403
1709078400,54746,463105784580,9288,1815,864,1401
1708992000,54833,467100629948,9316,1820,857,1407
1708905600,54791,465829909888,9302,1818,857,1404
1708819200,54643,461851886867,9261,1817,857,1399
1708732800,55116,464831491126,9391,1821,860,1417
1708646400,54819,465570643779,9295,1813,866,1407
1708560000,54861,475151557540,9299,1816,850,1404
1708473600,54833,473746360939,9291,1817,845,1398
1708387200,54959,470721696162,9301,1816,894,1402
1708300800,55037,470608784132,9300,1817,892,1401
1708214400,55070,470762181249,9287,1814,895,1399
1708128000,55456,472138058016,9365,1820,901,1407
1708041600,55498,484898339726,9308,1813,902,1398
1707955200,55656,484784844231,9310,1814,903,1398
1707868800,55681,484566750861,9274,1813,894,1398
1707782400,55887,483276220614,9324,1811,906,1399
1707696000,55735,480448109107,9315,1809,905,1401
1707609600,56122,482112550277,9379,1810,901,1411
1707523200,47222,459217501415,6044,1453,623,1177
1707436800,56941,482572904943,9537,1819,916,1428
1707350400,56987,481284578171,9553,1820,913,1427
1707264000,57032,480034008450,9535,1814,913,1428
1707177600,57595,498588886964,9642,1822,914,1441
1707091200,57672,498581556538,9639,1821,920,1440
1707004800,57680,498355618317,9631,1822,915,1440
1706918400,57944,499126355808,9633,1831,923,1440
1706832000,57950,499031026063,9612,1829,922,1436
1706745600,57981,499619795407,9610,1832,920,1434
1706659200,57975,498450126690,9575,1829,916,1433
1706572800,58287,498368164852,9642,1832,911,1442
1706486400,58211,494917668501,9638,1835,907,1444
1706400000,58183,493839438078,9634,1834,902,1445
1706313600,58225,492023362470,9659,1833,910,1444
1706227200,58154,491566284943,9648,1831,905,1446
1706140800,58306,490842904164,9642,1833,907,1443
1706054400,57872,488724824847,9530,1821,902,1430
1705968000,58325,490373151794,9643,1837,908,1436
1705881600,58282,495659968031,9611,1829,913,1434
1705795200,58250,493931510490,9602,1829,908,1433
1705708800,46984,468168201523,5695,854,450,1135
1705622400,58399,493124117582,9643,1832,910,1435
1705536000,58400,490533283105,9643,1831,911,1438
1705449600,58214,490526118040,9579,1825,897,1435
1705363200,58433,490274789577,9630,1826,904,1441
1705276800,58361,487297457089,9598,1824,911,1437
1705190400,58340,485265460029,9595,1825,907,1440
1705104000,58592,485264576172,9671,1828,910,1442
1705017600,58598,485492536097,9665,1828,907,1441
1704931200,58669,486045032355,9677,1825,900,1438
1704844800,58939,508926390925,9672,1824,896,1436
1704758400,58651,507178314593,9572,1820,892,1433
1704672000,58666,505446596018,9571,1821,894,1431
1704585600,58624,503237725506,9561,1819,892,1429
1704499200,47317,473847437074,5721,879,451,1161
1704412800,59361,503447459664,9741,1831,911,1448
1704326400,59329,502813428731,9718,1829,910,1449
1704240000,59191,500714584680,9662,1826,906,1445
1704153600,58974,499622691732,9588,1818,896,1440
1704067200,59060,502045120579,9582,1818,894,1438
1703980800,59289,503697427951,9596,1824,898,1438
1703894400,59262,503336930834,9573,1822,896,1438
1703808000,59216,504387626857,9545,1818,891,1436
1703721600,59307,505900176313,9552,1822,892,1435
1703635200,59339,504240931852,9544,1822,886,1436
1703548800,59239,501142789356,9534,1819,887,1436
1703462400,59190,501186305013,9507,1819,886,1436
1703376000,59408,500878608115,9543,1819,887,1439
1703289600,59409,501348393988,9541,1819,887,1439
1703203200,59460,506305192724,9531,1821,887,1438
1703116800,59668,506667107135,9591,1826,898,1441
1703030400,59630,505948149571,9585,1825,898,1440
1702944000,59622,506331385715,9571,1826,897,1440
1702857600,59463,506816026831,9527,1818,892,1437
1702771200,59575,507237352544,9555,1821,893,1433
1702684800,59605,507465685204,9540,1819,902,1431
1702598400,59625,506790598985,9537,1820,899,1434
1702512000,59745,507420597345,9566,1819,903,1431
1702425600,59716,507153362961,9563,1819,892,1433
1702339200,59680,506470562491,9553,1818,894,1432
1702252800,59653,506275604512,9538,1817,884,1430
1702166400,59916,510500586020,9586,1819,888,1442
1702080000,59897,510328628923,9574,1818,890,1442
1701993600,59940,510049724091,9575,1813,885,1436
1701907200,60046,509124674091,9561,1813,892,1441
1701820800,60031,509446743676,9544,1814,892,1440
1701734400,60041,508681216956,9531,1813,892,1440
1701648000,60090,509566888378,9514,1812,892,1437
1701561600,60274,514771188825,9548,1818,892,1435
1701475200,60214,514123073237,9526,1817,891,1436
1701388800,60160,511435306504,9517,1815,888,1436
1701302400,60458,510418677716,9644,1816,893,1436
1701216000,60550,539706176251,9621,1819,894,1436
1701129600,60568,538053694505,9612,1815,891,1436
1701043200,60730,541589839535,9617,1819,889,1436
1700956800,61026,541893211482,9678,1811,899,1439
1700870400,61046,542719740804,9669,1814,890,1440
1700784000,60964,541871733343,9641,1814,893,1442
1700697600,61475,542728920758,9720,1817,900,1448
1700611200,61470,542937117366,9717,1817,895,1447
1700524800,61435,540227588270,9704,1814,894,1447
1700438400,61363,539002293895,9668,1811,892,1445
1700352000,61790,536621983132,9799,1821,902,1463
1700265600,61795,536611325303,9790,1819,901,1463
1700179200,61789,535251288450,9780,1820,897,1465
1700092800,62022,536460363329,9836,1823,904,1468
1700006400,62012,536538019083,9829,1822,902,1467
1699920000,62063,535915523111,9829,1821,899,1464
1699833600,62097,535031673403,9826,1822,898,1464
1699747200,62261,534342137572,9857,1827,900,1471
1699660800,62247,534444192532,9837,1824,899,1471
1699574400,62231,533959983837,9817,1821,897,1469
1699488000,62365,535714779170,9808,1826,901,1467
1699401600,62350,536598502816,9790,1826,909,1464
1699315200,62306,536320083042,9774,1824,895,1462
1699228800,62254,538186326584,9759,1823,889,1460
1699142400,62460,538623717787,9786,1825,897,1463
1699056000,62414,537049025122,9776,1825,894,1460
1698969600,62325,536908529826,9763,1825,891,1459
1698883200,62325,535969315124,9782,1820,892,1454
1698796800,62213,535755157031,9762,1817,895,1454
1698710400,62170,533819062856,9755,1814,889,1451
1698624000,62161,533799524681,9754,1814,893,1445
1698537600,62309,532022992700,9786,1817,890,1434
1698451200,62170,531154947221,9760,1815,884,1436
1698364800,62143,530397765372,9764,1817,876,1426
1698278400,62295,528913906006,9830,1814,891,1433
1698192000,62374,529203637583,9919,1813,890,1431
1698105600,62468,529265165869,9922,1815,884,1430
1698019200,62482,528153349375,9909,1813,884,1428
1697932800,62656,536237778030,9923,1819,895,1433
1697846400,63104,540000582404,9918,1821,889,1442
1697760000,63347,543719102020,9928,1819,882,1447
1697673600,63562,542528847973,10006,1822,886,1456
1697587200,63581,542692496882,10026,1824,884,1453
1697500800,63617,541020420561,10046,1823,889,1450
1697414400,63594,537274661657,10078,1823,893,1450
1697328000,63719,534651987754,10135,1828,893,1449
1697241600,63551,533319341779,10113,1825,892,1450
1697155200,63481,530836394942,10109,1828,888,1450
1697068800,63587,527370480662,10159,1835,899,1453
1696982400,63391,524124964756,10129,1815,893,1454
1696896000,63552,524164210474,10128,1816,886,1455
1696809600,63569,529951452145,10121,1813,880,1458
1696723200,63776,535077072057,10147,1839,887,1455
1696636800,63777,534652267924,10129,1836,884,1454
1696550400,63701,533594712977,10117,1836,885,1456
1696464000,63823,532249745292,10166,1837,892,1457
1696377600,63776,529908806901,10166,1840,890,1457
1696291200,63434,502985414812,10138,1838,891,1454
1696204800,62971,477545067153,10134,1846,889,1457
1696118400,63108,450489757729,10253,1848,894,1469
1696032000,63952,450956489592,10441,1950,952,1494
1695945600,63995,449111869009,10455,1958,953,1492
1695859200,64050,447571909176,10479,1961,963,1495
1695772800,64061,445488140726,10499,1963,970,1493
1695686400,65869,448528130047,10784,2124,1050,1506
1695600000,67013,473300545653,10827,2136,1059,1509
1695513600,67443,476181436850,10854,2145,1052,1507
1695427200,68866,490177565118,10923,2144,1048,1514
1695340800,68811,489490785343,10910,2141,1050,1513
1695254400,68723,492259048014,10884,2141,1050,1508
1695168000,68677,492255438302,10870,2134,1049,1509
1695081600,68496,490205518331,10863,2137,1050,1504
1694995200,68134,488625499179,10783,2130,1047,1496
1694908800,68186,488391071280,10743,2135,1042,1503
1694822400,67982,486806734699,10723,2135,1041,1501
1694736000,67891,486012011376,10716,2132,1038,1499
1694649600,68020,485700280359,10785,2131,1037,1496
1694563200,67945,483373707462,10782,2132,1013,1493
1694476800,67795,481883368910,10795,2134,1020,1490
1694390400,67614,480696916895,10787,2129,1018,1490
1694304000,67687,480216735064,10792,2134,1020,1489
1694217600,67670,479016275184,10773,2135,1019,1487
1694131200,67658,482927141763,10758,2133,1017,1489
1694044800,67630,481838543115,10760,2138,1019,1485
1693958400,67317,481645987726,10740,2138,1017,1483
1693872000,67099,479918408467,10731,2134,1010,1484
1693785600,66931,477249259148,10716,2131,1005,1487
1693699200,67081,476478300630,10759,2138,1017,1482
1693612800,66948,475891274036,10734,2138,1018,1479
1693526400,67080,475303305901,10731,2137,1015,1480
1693440000,67180,472209666156,10775,2139,1018,1485
1693353600,67104,470805741751,10753,2136,1009,1488
1693267200,67019,468480739141,10751,2137,1011,1488
1693180800,66855,466668060605,10721,2135,1006,1487
1693094400,67247,480576083043,10824,2139,1009,1486
1693008000,67130,478592794823,10798,2133,1020,1482
1692921600,66908,474430116983,10767,2119,995,1478
1692835200,67475,473152261653,10914,2143,1012,1485
1692748800,67648,472651156857,10911,2141,1016,1485
1692662400,67686,472355833793,10904,2140,1014,1487
1692576000,67698,471465325352,10950,2143,1009,1482
1692489600,67645,468464815810,10937,2135,1015,1480
1692403200,67709,469891925601,10926,2135,1012,1481
1692316800,67708,470191540334,10917,2134,999,1482
1692230400,68037,472642931440,10992,2140,1009,1476
1692144000,68064,472213932947,10981,2137,1011,1478
1692057600,68113,477853654055,10971,2138,1009,1477
1691971200,67884,476046021734,10920,2131,1004,1473
1691884800,68295,477529562789,11019,2135,1016,1475
1691798400,68253,476991916497,11008,2137,1017,1477
1691712000,68190,477148899978,10989,2134,1017,1473
1691625600,68303,477649751004,11028,2141,1023,1483
1691539200,68295,477917371863,11019,2145,1019,1484
1691452800,68233,475263111185,11008,2145,1015,1484
1691366400,67821,475692869597,10891,2130,1004,1473
1691280000,68269,477183516056,11010,2135,1023,1480
1691193600,68178,477566069045,10978,2132,1038,1482
1691107200,68083,476380625704,10957,2133,1023,1474
1691020800,68134,475510446592,10985,2130,1013,1478
1690934400,68187,476141198967,10981,2126,1016,1478
1690848000,67998,479199924478,10943,2123,1024,1477
1690761600,67553,477908269830,10860,2115,999,1461
1690675200,67925,477574743590,10951,2127,1006,1472
1690588800,67910,476349502005,10932,2125,1012,1477
1690502400,67795,475537617798,10908,2123,1012,1471
1690416000,68100,476247510077,10950,2125,1017,1465
1690329600,67967,473636623216,10940,2119,1016,1463
1690243200,67883,473895824337,10964,2119,1014,1461
1690156800,67747,500580171975,10901,2119,1000,1455
1690070400,68339,501040195839,11032,2130,1011,1458
1689897600,0,0,0,0,2,0
1689465600,68588,492628364795,11025,2126,1008,1448
1689379200,68565,492236823605,11013,2120,1018,1448
1689292800,68433,493056325553,10976,2115,1010,1449
1689206400,68012,491721603890,10866,2100,988,1445
1689120000,68591,491808044913,10985,2114,998,1453
1689033600,68541,492557765267,10967,2116,1000,1449
1688947200,68708,497393213237,10985,2117,999,1446
1688860800,69242,552338136464,11013,2122,1012,1449
1688774400,69102,551535661914,10993,2121,1009,1447
1688688000,68959,550492328850,10974,2119,994,1444
1688601600,68386,548108027333,10844,2110,986,1437
1688515200,69155,547486624427,11028,2121,989,1438
1688428800,69123,547568332206,10987,2116,983,1441
1688342400,69126,548335719369,10964,2123,989,1443
1688256000,69281,548719033828,10960,2124,985,1446
1688169600,69236,547822357426,10932,2124,995,1445
1688083200,69211,549096670077,10919,2126,986,1444
1687996800,68909,547711988402,10874,2123,991,1437
1687910400,69468,551413431628,10978,2131,1000,1444
1687824000,69403,550018180382,10963,2129,998,1446
1687737600,69366,549923204788,10958,2129,995,1444
1687651200,69591,549127571609,11016,2126,992,1447
1687564800,69535,549501426367,10998,2128,990,1450
1687478400,69456,548843462186,11000,2127,993,1446
1687392000,69087,546919527039,10896,2121,988,1439
1687305600,69471,547747310426,10992,2138,989,1443
1687219200,69500,547211150638,10977,2139,1002,1442
1687132800,69311,545354162864,10959,2136,988,1442
1687046400,69447,546756222234,10984,2138,980,1440
1686960000,69259,545041651091,10971,2135,975,1434
1686873600,69181,545902829212,10957,2133,975,1432
1686787200,68797,543156944212,10817,2121,962,1427
1686700800,69415,545092548415,11012,2131,971,1433
1686614400,69429,543603452763,11009,2130,969,1431
1686528000,69487,542735509118,10984,2128,960,1428
1686441600,70200,543644236695,11132,2151,973,1431
1686355200,70300,543509126887,11129,2151,970,1435
1686268800,70359,544784841122,11128,2153,973,1436
1686182400,70330,541821024281,11115,2151,972,1432
1686096000,70693,542959027903,11188,2159,989,1440
1686009600,70558,542009642959,11164,2159,980,1440
1685923200,70478,540650345351,11149,2159,982,1443
1685836800,70641,540569648148,11168,2174,1006,1441
1685750400,70633,539719105339,11158,2174,1004,1444
1685664000,70662,539735014566,11148,2170,1006,1442
1685577600,70378,536820381224,11095,2166,1000,1437
1685491200,71046,542769530839,11181,2170,1008,1447
1685404800,71017,542832046694,11174,2172,1005,1448
1685318400,70986,541613039353,11166,2168,1004,1447
1685232000,71169,541992321710,11161,2166,1026,1451
1685145600,71006,541640307532,11124,2153,1029,1444
1685059200,70978,541315463495,11044,2151,1091,1443
1684972800,70948,541241134789,11000,2147,1122,1439
1684886400,70914,540985032837,11018,2150,993,1444
1684800000,70828,540817758465,11005,2150,992,1434
1684713600,70681,539399491061,10978,2143,993,1428
1684627200,71110,536982829965,11045,2158,1001,1429
1684540800,71171,537539889316,11021,2158,1000,1429
1684454400,71163,537429821193,10999,2156,1004,1429
1684368000,70688,535388481668,10885,2144,993,1421
1684281600,71672,538301956812,11047,2158,1003,1429
1684195200,71617,537925273680,11025,2160,1000,1424
1684108800,71817,539498247545,11020,2160,998,1419
1684022400,72175,539814647395,11017,2165,994,1420
1683936000,72665,544145769281,11012,2163,1000,1417
1683849600,72633,543237572701,10998,2164,990,1412
1683763200,72183,541305918429,10880,2159,995,1402
1683676800,72648,541897816047,10964,2166,1004,1403
1683590400,72711,544845206231,10949,2162,1005,1402
1683504000,72612,544864003738,10913,2163,1000,1400
1683417600,72546,545206139559,10897,2142,995,1400
1683331200,72488,544992894844,10882,2139,1001,1394
1683244800,72551,545553577251,10876,2139,1001,1395
1683158400,72457,545389920846,10829,2138,995,1391
1683072000,72763,546248179748,10894,2154,1012,1391
1682985600,72690,546750747957,10854,2152,1014,1387
1682899200,72478,546768559011,10799,2144,1004,1382
1682812800,72566,545909784470,10780,2140,1009,1384
1682726400,72592,545746285930,10767,2139,1014,1382
1682640000,72691,544224273966,10761,2141,1009,1382
1682553600,72527,542534153175,10720,2143,1010,1381
1682467200,72803,542545795092,10741,2213,1020,1380
1682380800,72781,542690785889,10733,2210,1008,1379
1682294400,72782,541997061040,10720,2207,1001,1381
1682208000,73062,544519584690,10784,2248,1002,1379
1682121600,72961,543305242262,10763,2244,1013,1373
1682035200,72933,543963372965,10741,2244,1012,1377
1681948800,72494,543684045917,10590,2231,990,1374
1681862400,73068,547803191170,10726,2242,1011,1380
1681776000,73126,550381651772,10709,2245,1007,1382
1681689600,72975,548842780191,10685,2240,1004,1388
1681603200,73186,548080649144,10731,2245,1003,1389
1681516800,73179,547908274862,10714,2239,1006,1390
1681430400,73132,547275139022,10698,2241,1003,1392
1681344000,72961,546586415983,10657,2254,997,1387
1681257600,73096,546139677836,10682,2255,1012,1391
1681171200,73052,547544752225,10667,2255,1011,1390
1681084800,73105,547127771145,10670,2253,1000,1395
1680998400,73180,547650511932,10681,2248,998,1392
1680912000,73105,546450628250,10665,2248,1000,1392
1680825600,73026,546010431091,10647,2246,994,1393
1680739200,72822,545024806800,10613,2243,995,1392
1680652800,73065,545799745058,10627,2250,996,1391
1680566400,73019,545132150506,10605,2252,997,1390
1680480000,72902,544559505278,10589,2246,995,1386
1680393600,73152,544319231413,10646,2260,1002,1386
1680307200,73271,543921452267,10620,2256,1004,1390
1680220800,73311,544155464805,10599,2259,995,1391
1680134400,73236,543810193737,10569,2255,993,1392
1680048000,73541,546006550865,10617,2248,1006,1393
1679961600,73597,544495591189,10626,2251,997,1390
1679875200,73591,544708464881,10624,2249,993,1382
1679788800,73738,549436791451,10621,2248,1010,1382
1679702400,73688,547585297203,10592,2249,1010,1382
1679616000,73807,548882073510,10580,2251,998,1382
1679529600,73387,546148370276,10491,2248,981,1371
1679443200,74525,548592503291,10797,2264,1007,1387
1679356800,74481,547575220289,10779,2265,998,1388
1679270400,74491,547302354416,10768,2262,999,1388
1679011200,74362,545072782326,10731,2250,1004,1384
1678924800,74358,544973752893,10726,2251,995,1385
1678838400,73701,543745843173,10523,2229,989,1375
1678752000,74507,544152560333,10733,2240,990,1390
1678665600,74394,542479208444,10718,2238,988,1386
1678579200,74402,543087232756,10727,2238,985,1384
1678492800,74540,541320134570,10744,2244,994,1388
1678406400,74591,542630102213,10738,2244,993,1380
1678320000,74839,545179339117,10715,2244,986,1374
1678233600,74603,543543845402,10653,2233,979,1364
1678147200,75169,547187166319,10738,2243,991,1375
1678060800,75096,545463176159,10742,2244,991,1366
1677974400,74818,544181117890,10694,2248,978,1356
1677888000,75020,545015900240,10726,2258,987,1357
1677801600,74896,544715637842,10683,2257,978,1355
1677715200,74922,548017870707,10676,2256,977,1350
1677628800,74305,544891046266,10518,2241,960,1340
1677542400,75179,547195219628,10702,2256,990,1349
1677456000,75084,548061550686,10644,2254,985,1350
1677369600,75174,550171118003,10606,2254,980,1348
1677283200,75133,547215999799,10597,2260,993,1352
1677196800,75039,546703871053,10568,2255,994,1349
1677110400,74967,543653568458,10534,2253,1000,1346
1677024000,74554,541881843600,10478,2245,987,1343
1676937600,75201,542914359499,10614,2258,1011,1342
1676851200,75075,541028843352,10572,2259,1005,1336
1676764800,74902,540220181132,10562,2258,989,1331
1676678400,74914,538608241236,10600,2262,993,1334
1676592000,74802,538420140761,10579,2261,989,1332
1676505600,74663,538746789234,10554,2257,986,1328
1676419200,74520,541556999848,10495,2253,974,1323
1676332800,74952,542412848611,10593,2259,986,1324
1676246400,74911,541627443460,10588,2258,989,1323
1676160000,74769,539890726002,10557,2254,987,1323
1676073600,74930,541794708669,10560,2254,993,1326
1675987200,75251,542745588038,10538,2255,992,1326
1675900800,75205,542260667802,10522,2255,986,1321
1675814400,74615,538614175659,10355,2242,963,1305
1675728000,75445,540622678733,10540,2262,999,1321
1675641600,75308,539135951804,10523,2261,986,1317
1675555200,75071,539314557052,10484,2258,983,1315
1675468800,75261,537862152159,10584,2259,987,1318
1675382400,75173,536285368552,10572,2259,981,1315
1675296000,75113,536488556585,10538,2254,982,1310
1675209600,74370,533232800139,10347,2243,964,1303
1675123200,75131,533440878371,10513,2260,989,1308
1675036800,75046,533299859058,10505,2255,984,1307
1674950400,74861,531665874157,10494,2253,983,1303
1674864000,74975,535587261200,10537,2252,999,1309
1674777600,74771,534044252979,10514,2250,999,1309
1674691200,74723,532546113437,10497,2246,1009,1301
1674604800,73776,528831899041,10280,2238,977,1295
1674518400,74595,528521464598,10499,2243,987,1300
1674432000,74644,529594012176,10456,2239,996,1298
1674345600,74449,527637439559,10426,2242,988,1291
1674259200,74505,526875082349,10482,2251,986,1298
1674172800,74446,527337944619,10473,2251,980,1296
1674086400,74397,527134079924,10466,2251,979,1294
1674000000,73899,524150211046,10382,2237,965,1284
1673913600,74182,524682137311,10458,2241,982,1288
1673827200,74026,521667094300,10469,2238,973,1289
1673740800,73943,521241160599,10450,2237,970,1282
1673654400,73893,520589735654,10465,2237,974,1281
1673568000,73793,519757298297,10458,2234,973,1278
1673481600,73974,523938386628,10439,2235,964,1278
1673395200,73552,522848463338,10300,2229,958,1268
1673308800,74114,522999038294,10436,2235,974,1279
1673222400,74054,521950703839,10423,2233,962,1281
1673136000,73876,520556330893,10400,2229,964,1281
1673049600,74109,521660935600,10473,2230,967,1284
1672963200,74048,520842791343,10468,2229,964,1282
1672876800,73981,521676062081,10448,2228,966,1282
1672790400,73485,516851879518,10350,2226,948,1280
1672704000,74003,520372712528,10446,2243,971,1275
1672617600,73943,519189790137,10445,2244,968,1273
1672531200,73707,517561264867,10425,2241,957,1265
1672444800,73887,515826840152,10464,2243,962,1272
1672358400,73879,517241540292,10420,2246,990,1270
1672272000,73806,516075680999,10411,2247,965,1267
1672185600,73563,513685442831,10356,2241,961,1262
1672099200,73760,511551890680,10413,2240,958,1269
1672012800,73735,513744923496,10403,2245,955,1267
1671926400,73584,515005220621,10374,2242,962,1265
1671840000,73945,516233693781,10274,2238,1086,1268
1671753600,73577,516525073408,10258,2236,961,1261
1671667200,73460,516732421163,10241,2234,964,1263
1671580800,72746,516425946337,10100,2223,952,1249
1671494400,73484,518528903281,10249,2244,958,1262
1671408000,73350,518422109154,10239,2244,955,1257
1671321600,73418,519302174647,10273,2243,952,1257
1671235200,73403,520308614463,10280,2243,961,1253
1671148800,73261,517372806804,10264,2243,956,1254
1671062400,73230,517441965542,10244,2243,957,1253
1670976000,72976,513815952560,10232,2236,950,1245
1670889600,73479,515082713133,10299,2260,963,1248
1670803200,73261,512412495167,10287,2254,963,1246
1670716800,73167,510853990306,10261,2251,964,1246
1670630400,73374,509924006749,10341,2253,968,1245
1670544000,73372,509700432254,10342,2255,968,1242
1670457600,73230,508157536541,10334,2252,966,1241
1670371200,73732,509952924994,10286,2250,960,1233
1670284800,74092,511119533812,10365,2250,962,1236
1670198400,74106,510757331774,10366,2249,959,1234
1670112000,74153,508342729210,10367,2245,958,1233
1670025600,74425,509925507634,10388,2251,967,1239
1669939200,74397,510167287113,10380,2248,961,1241
1669852800,74328,510762449638,10370,2247,959,1235
1669766400,74067,511900220050,10321,2242,955,1231
1669680000,74504,512766341461,10388,2244,972,1232
1669593600,74602,515984073983,10388,2244,971,1233
1669507200,74362,513618360539,10343,2242,974,1237
1669420800,74555,512504010920,10409,2242,977,1239
1669334400,74403,512133566860,10405,2242,979,1236
1669248000,74281,509205352344,10395,2240,987,1231
1669161600,73404,508722172154,10122,2226,958,1211
1669075200,74295,508475090320,10416,2239,983,1232
1668988800,74090,506430945771,10389,2243,971,1230
1668902400,74127,513487945172,10389,2233,974,1230
1668816000,74653,513482212971,10487,2241,980,1238
1668729600,75074,518002056222,10499,2241,976,1235
1668643200,74854,512052531895,10505,2236,967,1234
1668556800,74537,510191716044,10447,2236,963,1225
1668470400,75506,513096984046,10714,2239,976,1231
1668384000,75639,516158786765,10709,2244,977,1227
1668297600,75628,515684447669,10709,2243,968,1224
1668211200,75598,514481325379,10707,2245,975,1228
1668124800,75523,513616632750,10696,2245,970,1230
1668038400,75439,513615021450,10698,2264,964,1230
1667952000,74797,513856283410,10538,2277,949,1219
1667865600,75519,516652355923,10726,2283,979,1223
1667779200,75667,520806958222,10717,2283,982,1224
1667692800,75527,517846957281,10704,2277,973,1226
1667606400,75636,515571043812,10721,2287,974,1229
1667520000,75540,513463115250,10725,2284,967,1225
1667433600,75586,514778467225,10724,2281,969,1217
1667347200,75359,511974162964,10671,2277,948,1208
1667260800,75852,514445600194,10753,2278,964,1216
1667174400,76039,514383189285,10757,2273,968,1218
1667088000,75773,512536165407,10737,2272,965,1214
1667001600,77082,511823435235,11043,2275,975,1219
1666915200,78126,519248466991,11062,2276,979,1216
1666828800,78080,514066507897,11051,2273,981,1213
1666742400,78077,515621876783,11047,2273,976,1209
1666656000,79495,513584846838,11309,2305,990,1227
1666569600,79432,512073585660,11291,2305,1006,1227
1666483200,79367,509642649073,11297,2301,999,1229
1666396800,79116,507185435380,11295,2306,990,1224
1666310400,79209,504603340071,11324,2306,1002,1225
1666224000,79047,503516591830,11325,2302,997,1219
1666137600,79075,499229676869,11321,2302,984,1209
1666051200,79470,498653288759,11352,2302,979,1207
1665964800,79835,501426192648,11362,2302,977,1215
1665878400,80017,499883697731,11358,2302,981,1219
1665792000,80101,499535416270,11356,2302,971,1208
1665705600,80514,499423172220,11366,2303,977,1219
1665619200,80764,499402904301,11364,2304,967,1215
1665532800,81222,500940320525,11368,2307,981,1210
1665446400,81370,500533084905,11397,2303,995,1208
1665360000,81299,497798644149,11378,2302,985,1205
1665273600,81419,497460345059,11385,2301,982,1204
1665187200,81422,497690009485,11358,2302,978,1198
1665100800,81556,496173273819,11388,2307,976,1196
1665014400,81698,500383551561,11368,2300,982,1192
1664928000,81650,498491374555,11376,2297,978,1191
1664841600,81686,498917215467,11400,2298,976,1191
1664755200,81585,495962096368,11378,2298,982,1195
1664668800,81556,495325617730,11371,2298,984,1197
1664582400,81412,493022177822,11360,2298,969,1192
1664496000,81529,492378349027,11390,2294,975,1184
1664409600,81443,489907725477,11384,2293,971,1179
1664323200,81363,487124721972,11377,2291,969,1178
1664236800,81571,487094906995,11405,2296,983,1181
1664150400,81562,486420759354,11402,2295,975,1181
1664064000,81533,483975176315,11386,2296,973,1177
1663977600,81388,482291953045,11345,2290,962,1173
1663891200,81552,481009661345,11406,2291,979,1166
1663804800,81651,480952109944,11402,2289,967,1170
1663718400,81606,481324201235,11403,2290,970,1166
1663632000,81590,479002900369,11407,2288,976,1163
1663545600,81474,478073858505,11411,2287,971,1166
1663459200,81424,478448347905,11394,2285,982,1164
1663372800,81400,477595837040,11381,2289,970,1161
1663286400,81626,478968563020,11401,2292,972,1160
1663200000,81602,478271220448,11396,2291,973,1161
1663113600,81568,477201843033,11399,2293,962,1160
1663027200,81622,475282644850,11431,2295,967,1157
1662940800,81571,474579868470,11419,2295,967,1149
1662854400,81542,474317176773,11414,2294,969,1147
1662768000,81413,472987723485,11405,2295,957,1146
1662681600,81622,469126506660,11438,2299,970,1148
1662595200,81813,470962057360,11430,2299,968,1147
1662508800,81829,470942951615,11430,2303,963,1138
1662422400,81875,468553441732,11454,2305,964,1139
1662336000,82049,468053472850,11460,2305,960,1134
1662249600,81970,467681555167,11447,2306,964,1138
1662163200,81684,464677345802,11427,2302,968,1133
1662076800,81659,464121537813,11434,2304,982,1126
1661990400,81588,462390164740,11434,2302,973,1123
1661904000,81665,461196115892,11428,2306,972,1118
1661817600,81757,461238634819,11442,2304,981,1114
1655078400,74508,320584191808,10915,2313,887,1059
1654992000,75988,324881805183,11181,2364,911,1065
1654905600,76483,326825914615,11240,2368,916,1067
1654819200,77028,329173895938,11283,2373,920,1069
1654732800,77404,330489102802,11320,2379,922,1076
1654646400,77703,331947796888,11359,2384,925,1078
1654560000,78006,333161803033,11399,2385,927,1079
1654473600,78270,333695589082,11428,2385,932,1080
1654387200,78585,335286753306,11453,2386,933,1082
1654300800,78886,336001144036,11475,2392,934,1083
1654214400,79050,336433336566,11490,2392,934,1084
1654128000,79122,336650176937,11500,2392,935,1084
1654041600,78995,335931561956,11497,2393,933,1085
1653955200,79599,338744526354,11528,2398,933,1088
1653868800,79897,340283949667,11520,2400,933,1088
1653782400,79939,339934754046,11512,2402,933,1087
1653696000,79911,339692159584,11511,2400,932,1090
1653609600,79809,339130652551,11507,2401,932,1088
1653523200,79745,338591702852,11505,2402,936,1089
1653436800,79563,336921291716,11498,2403,936,1089
1653350400,79604,336166293836,11507,2405,937,1092
1653264000,79383,334678555655,11492,2401,936,1089
1653177600,79192,333706911903,11466,2402,936,1088
1653091200,78978,332220869962,11437,2401,939,1090
1653004800,78536,329384714321,11407,2395,935,1084
1652918400,78716,329760214816,11414,2393,937,1082
1652832000,78914,330770642939,11426,2395,937,1082
1652745600,78921,330479761656,11428,2397,941,1082
1652659200,78833,329825028245,11405,2396,940,1079
1652572800,78894,329857243297,11390,2397,940,1080
1652486400,78992,329971190125,11390,2397,941,1079
1652400000,79184,330224005650,11392,2399,938,1080
1652313600,79349,330860786752,11393,2400,940,1078
1652227200,79434,330183540572,11397,2399,951,1078
1652140800,79399,330221587045,11421,2397,966,1077
1652054400,79501,330800299698,11416,2399,971,1080
1651968000,79193,330095224953,11400,2398,969,1080
1651881600,79214,328054138066,11395,2401,970,1083
1651795200,79180,327130127860,11448,2394,972,1079
1651708800,79417,328195045382,11443,2391,973,1078
1651622400,79857,330322307998,11567,2389,973,1078
1651536000,80067,335073095027,11619,2393,971,1076
1651449600,80794,334706643942,11622,2393,1640,1076
1651363200,81329,333866700147,11599,2396,2433,1075
1651276800,82434,333013462629,11587,2395,3586,1075
1651190400,82643,333377658985,11587,2395,3736,1074
1651104000,82645,332867426527,11582,2395,3756,1072
1651017600,82300,330416265932,11556,2393,3803,1068
1650931200,82278,329810795472,11551,2391,3805,1066
1650844800,82073,328517594353,11543,2387,3836,1065
1650758400,81782,327712596217,11523,2387,3840,1064
1650672000,81630,325842707901,11498,2383,3868,1057
1650585600,81633,325427810684,11494,2384,3866,1057
1650499200,81433,324191675760,11460,2385,3863,1056
1650412800,81302,323826816608,11431,2385,3860,1052
1650326400,81302,323661346069,11428,2387,3859,1050
1650240000,81347,322672558076,11422,2408,3854,1051
1650153600,81304,322645519558,11411,2409,3853,1052
1650067200,81370,322521464684,11392,2408,3914,1048
1649980800,81431,322424319413,11371,2409,3914,1045
1649894400,81438,323008640272,11361,2412,3915,1047
1649808000,81442,321975094618,11341,2412,3917,1049
1649721600,81364,321135792645,11327,2412,3921,1053
1649635200,81328,320973469197,11323,2412,3920,1053
1649548800,81093,319924420333,11297,2409,3919,1050
1649462400,81307,319489167183,11271,2408,4150,1049
1649376000,81614,319743841421,11252,2410,4410,1048
1649289600,81901,321080825058,11241,2401,4411,1048
1649203200,81846,319929316296,11227,2401,4422,1045
1649116800,82049,320464763078,11240,2403,4425,1047
1649030400,82002,319955867188,11224,2386,4426,1046
1648944000,82432,320041327327,11241,2387,4426,1043
1648857600,82462,318243170495,11259,2398,4428,1044
1648771200,82552,317491970344,11276,2398,4430,1044
1648684800,82646,317319075430,11283,2397,4431,1044
1648598400,82734,316745662535,11291,2400,4441,1043
1648512000,82788,316704576266,11299,2398,4437,1039
1648425600,82825,316255682643,11283,2397,4437,1038
1648339200,82758,315522723343,11271,2407,4440,1037
1648252800,82705,315012806642,11270,2409,4441,1038
1648166400,82545,313520832879,11264,2408,4443,1038
1648080000,82492,313107700653,11257,2403,4450,1039
1647993600,82421,312522650123,11240,2406,4460,1039
1647907200,82524,312619147508,11240,2405,4471,1038
1647820800,82575,312620326631,11232,2404,4485,1037
1647734400,82577,312352632094,11231,2406,4487,1037
1647648000,82377,311346596618,11218,2404,4486,1035
1647561600,82326,310676863151,11220,2405,4470,1031
1647475200,82313,309555068669,11212,2405,4441,1028
1647388800,82276,308586364251,11210,2404,4421,1024
1647302400,82269,308035646187,11198,2403,4413,1018
1647216000,82407,308741128121,11201,2405,4414,1018
1647129600,82304,308477798463,11188,2398,4413,1020
1647043200,82303,308063406579,11191,2400,4415,1021
1646956800,82339,308109777513,11174,2398,4417,1020
1646870400,82344,308230045285,11163,2392,4415,1023
1646784000,82774,310861977497,11188,2368,4416,1021
1646697600,82757,309846871970,11187,2372,4417,1020
1646611200,82530,308425411156,11176,2372,4416,1021
1646524800,82304,307808605988,11166,2372,4415,1020
1646438400,82072,307097873811,11135,2370,4416,1018
1646352000,81890,306739025524,11111,2370,4415,1017
1646265600,81711,305931991982,11099,2370,4414,1016
1646179200,81835,305947766772,11085,2409,4413,1014
1646092800,81838,306604215662,11071,2415,4412,1014
1646006400,81685,306963896103,11066,2415,4412,1013
1645920000,81451,306155816483,11046,2415,4410,1011
1645833600,81107,304845775204,11015,2415,4411,1011
1645747200,80852,303869196256,11001,2412,4409,1009
1645660800,80436,303002629026,10992,2413,4160,1008
1645574400,80073,301294286539,10975,2411,4159,1003
1645488000,75056,281603489002,10862,2407,3898,996
1645401600,65999,245153511900,10593,2383,3725,981
1634169600,64443,257369490713,8800,2427,1989,834
1634083200,64669,258043147268,8820,2431,2002,834
1633996800,64746,258248888874,8827,2434,2002,835
1633910400,64811,258355598258,8834,2435,2003,835
1633824000,64850,258414357019,8837,2436,2003,835
1633737600,64885,258462793089,8842,2437,2003,835
1633651200,64908,258507615682,8845,2437,2003,835
1633564800,58179,238547313072,8579,2126,1810,815
1632873600,60280,214797175160,8412,2377,2083,810
1632787200,63107,224788745444,8544,2481,2096,816
1632700800,64444,230353091364,8599,2490,2107,818
1632614400,64900,231514553154,8622,2496,2110,819
1632528000,65322,232430893620,8650,2508,2128,819
1632441600,65637,233314240246,8669,2509,2126,820
1632355200,66462,234653320137,8758,2579,2216,829
1632268800,66715,235977317819,8774,2580,2216,830
1632182400,67121,236839080505,8814,2583,2218,831
1632096000,67526,238464458325,8828,2586,2221,832
1632009600,67633,238787698019,8842,2587,2225,833
1631923200,67293,237939616829,8792,2586,2226,832
1631836800,66969,235866154690,8762,2583,2221,829
1631750400,66834,219791717685,8734,2581,2207,826
1631664000,66691,219286447805,8696,2579,2193,821
1631577600,66353,217222659579,8667,2582,2193,821
1631491200,66077,217103720017,8631,2580,2159,819
1631404800,65861,215860327119,8596,2582,2144,819
1631318400,65503,213239689551,8578,2583,2146,818
1631232000,65182,212664961127,8538,2582,2147,816
1631145600,64494,210672154781,8445,2528,2073,807
1631059200,63317,204770250509,9292,2608,1188,671
1630972800,63587,205456596231,9308,2612,1190,674
1630886400,63634,205463596247,9312,2613,1184,675
1630800000,63469,205124642135,9279,2614,1179,676
1630713600,63240,204248577681,9252,2612,1177,674
1630627200,62970,203792020241,9217,2612,1175,672
1630540800,62748,203522117328,9176,2608,1174,669
1630454400,62564,203120297584,9155,2607,1170,670
1630368000,62378,202773483894,9120,2601,1165,667
1630281600,62385,202707589825,9105,2602,1166,668
1630195200,62197,202564130439,9064,2603,1163,668
1630108800,62031,202433174891,9029,2601,1162,670
1630022400,61878,201976036020,8993,2600,1162,668
1629936000,61595,200572712046,8929,2600,1159,666
1629849600,61276,200017637696,8836,2595,1157,664
1629763200,61034,198921357826,8773,2594,1154,664
1629676800,60869,198291672762,8742,2598,1155,662
1629590400,60717,197850756291,8703,2601,1153,661
1629504000,60553,197965818750,8667,2597,1151,660
1629417600,60467,197581289547,8648,2589,1151,661
